INSERT INTO `oc_videos` (`id`, `name`, `description`, `videoStatus`, `featured`, `customerLink`, `channelLink`, `thumbnailID`, `customerId`) VALUES
(1, 'Never miss that winning touchdown again with the ATN BinoX!', 'Capture those rare holiday moments with the ATN BinoX', 'ready', 1, 'https://youtu.be/6iWRL2HHzXs', '6iWRL2HHzXs', NULL, NULL),
(2, 'Deer Observation | ATN BinoX- HD digital binoculars with Full HD camera', 'Deer Observation | ATN BinoX- HD digital binoculars with Full HD camera', 'ready', 1, 'https://youtu.be/1S5U4XMgueg', '1S5U4XMgueg', NULL, NULL),
(3, 'Football match | ATN BinoX-HD sport binoculars', 'ATN BinoX-HD sport binoculars with Full HD camera', 'ready', 0, 'https://youtu.be/0-fI43QARZU', '0-fI43QARZU', NULL, NULL),
(4, 'Scared pig | ATN BinoX-HD Smart Binoculars with camera', '', 'ready', 0, 'https://youtu.be/ozKSJY5-SJs', 'ozKSJY5-SJs', NULL, NULL),
(5, 'Deers at Night | ATN BinoX-HD night vision mode', 'Green mode for the night time. ATN BinoX-HD', 'ready', 0, 'https://youtu.be/fOzCTvLFvFE', 'fOzCTvLFvFE', NULL, NULL),
(6, 'Flock of pigs | ATN BinoX-HD Smart binoculars with camera', '', 'ready', 0, 'https://youtu.be/9AvNZeVtA0s', '9AvNZeVtA0s', NULL, NULL),
(7, 'Hogs in a forest | ATN Binox-HD hunting binoculars with Full HD camera', '', 'ready', 0, 'https://youtu.be/2BOiGAWVcyI', '2BOiGAWVcyI', NULL, NULL),
(8, 'Countryside landscape | ATN Binox-HD 4-16x Smart binoculars with camera', '', 'ready', 0, 'https://youtu.be/2Ca7eK9ogA4', '2Ca7eK9ogA4', NULL, NULL),
(9, 'Hog Hunting, nice shot ! | ATN Binox-HD Hunting binoculars with camera', '', 'ready', 0, 'https://youtu.be/oYh0B42m8vc', 'oYh0B42m8vc', NULL, NULL),
(10, 'ATN BinoX-HD 4-16X Smart Day/Night Hunting binoculars', 'ATN BinoX-HD 4-16X Smart Day/Night Hunting binoculars with camera and Bird Watching ability - ATN corp', 'ready', 0, 'https://youtu.be/gxn3UtFJH3Y', 'gxn3UtFJH3Y', NULL, NULL),
(11, 'ATN BinoX-HD 4-16X Smart Day/Night Hunting binoculars', 'ATN BinoX-HD 4-16X Smart Day/Night Hunting binoculars with camera and Bird Watching ability - ATN corp', 'ready', 1, 'https://youtu.be/8nvabee0Z_g', '8nvabee0Z_g', NULL, NULL),
(12, 'X-Sight HD 5-18x in Night Mode', 'Video footage taken by the X-Sight HD 5-18x in night mode at 100, 200 and 250 yards. Conditions included a 1/4 moon and slight cloud coverage. The X-Sight was used with new IR 850.', 'ready', 1, 'https://youtu.be/dIHWOS3aoP4', 'dIHWOS3aoP4', NULL, NULL),
(13, 'ATN X-Sight 5-18x Raccoon Night Footage', 'ATN recently went on a weekend night time hunt with the X-Sight 5-18x but game was scarce. Unfortunately, the only game the ATN team was able to see was this raccoon, which was filmed with the following particulars:\nATN X-Sight 5-18x\nMagnification: 5x\nMode: Night Mode, Green\nConditions: Full moon with IR.\nRaccoon approximately 25-30 yards', 'ready', 1, 'https://youtu.be/oJ_SGVLeNGU', 'oJ_SGVLeNGU', NULL, NULL),
(14, 'ATN X-Sight Digital Rifle Scope for Day &amp; Night Hunting | Experts Opinion', 'Our friends from Backstage &amp; Backroads share their opinions about Day &amp; Night Hunting Scope X-Sight 5-18 and X-Sight 3-12', 'ready', 0, 'https://youtu.be/_LW6kJOpaMY', '_LW6kJOpaMY', NULL, NULL),
(15, 'Daytime Deer Hunting with ATN X-Sight 5-18', 'Daytime deer hunting with ATN X-Sight Day/Night Rifle Scope with Full HD Video recording.', 'ready', 0, 'https://youtu.be/RJYug0ZkMMk', 'RJYug0ZkMMk', NULL, NULL),
(16, 'Coyote hunting | ATN X-Sight', 'Coyote hunting with X-Sight | ATN X-Sight Day/Night Rifle Scope with Full HD Video recording.', 'ready', 0, 'https://youtu.be/EKe-Ynuv02w', 'EKe-Ynuv02w', NULL, NULL),
(17, 'Coyote hunting with X-Sight | Day time', 'Coyote hunting with X-Sight | ATN X-Sight Day/Night Rifle Scope with Full HD Video recording.', 'ready', 0, 'https://youtu.be/TADx5JR1Jkk', 'TADx5JR1Jkk', NULL, NULL),
(18, 'Hog hunting Night Time | ATN X-Sight Smart Day/Night Hunting Rifle Scope', 'Night time Hog hunting with X-Sight | ATN X-Sight Smart Day/Night Hunting Rifle Scope with Full HD Video rec, WiFi, GPS, Smooth zoom and Smartphone controlling thru iOS or Android Apps', 'ready', 0, 'https://youtu.be/NJH5rmivNcQ', 'NJH5rmivNcQ', NULL, NULL),
(19, 'Doe walking, day time | ATN X-Sight rifle scope', 'Day time | ATN X-Sight rifle scope for hunting with Full HD rec.', 'ready', 0, 'https://youtu.be/_P_ebV05Slw', '_P_ebV05Slw', NULL, NULL),
(20, 'Pigs eating in the forest , very dark | Night time hunting ATN X-Sight', 'Deep darkness | ATN X-SIght Day/Night Rifle Scope for hunting', 'ready', 0, 'https://youtu.be/o1nLs7lKheU', 'o1nLs7lKheU', NULL, NULL),
(21, 'Deer at NIght 100 yards | ATN X-Sight Green mode', 'Deer at NIght 100 yards Green mode. ATN X-Sight Day and Night Smart rifle scope with Full HD video rec.', 'ready', 0, 'https://youtu.be/FeB5mDusUVE', 'FeB5mDusUVE', NULL, NULL),
(22, 'Hog hunting at night | ATN X-Sight green mode', 'Hog hunting Green mode of ATN X-Sight Day & Night time Hunting rifle scopes with camera | Full HD video rec.', 'ready', 0, 'https://youtu.be/7yNIVRC1uV8', '7yNIVRC1uV8', NULL, NULL),
(23, 'Hog hunting NIght | big pig up close | ATN X-Sight white mode', 'Hog hunting, white night mode | big pig up close | ATN X-Sight digital hunting rifle scope', 'ready', 0, 'https://youtu.be/DBqiU0bDAHY', 'DBqiU0bDAHY', NULL, NULL),
(24, 'HamBone Hog hunting at night | ATN X-Sight rifle scope Green mode', 'Night hog hunting | green mode of ATN X-Sight smart rifle scope.', 'ready', 0, 'https://youtu.be/djnkmrYuKBs', 'djnkmrYuKBs', NULL, NULL),
(25, 'Hog Hunting - don\'t be the last one left', '', 'ready', 1, 'https://youtu.be/6dluO75Jj4M', '6dluO75Jj4M', NULL, NULL),
(26, 'Ducks grazing | Thermal mode', '', 'ready', 1, 'https://youtu.be/jegyOWgARJQ', 'jegyOWgARJQ', NULL, NULL),
(27, 'Hog Hunting | Pig sleep walking', '', 'ready', 0, 'https://youtu.be/Is2vcd5fl9Q', 'Is2vcd5fl9Q', NULL, NULL),
(28, 'Undeer the rain | Thermal mode', '', 'ready', 0, 'https://youtu.be/KyRyWhHxoDM', 'KyRyWhHxoDM', NULL, NULL),
(29, 'Night time pigs hunting | Thermal mode', '', 'ready', 0, 'https://youtu.be/LiI5eOGfrh0', 'LiI5eOGfrh0', NULL, NULL),
(30, 'Turkey Hunting | ATN Shot Trak HD Gun Camera', '', 'ready', 0, 'https://youtu.be/Z2CsmE9t5jk', 'Z2CsmE9t5jk', NULL, NULL),
(31, 'Texas turkeys & pigs hunting | ATN Shot Trak HD gun camera', '', 'ready', 0, 'https://youtu.be/MlpHu71WXuI', 'MlpHu71WXuI', NULL, NULL),
(32, 'Turkey hunting | ATN Shot Trak HD gun camera', '', 'ready', 0, 'https://youtu.be/Fwvu62S4Q1k', 'Fwvu62S4Q1k', NULL, NULL),
(33, 'Deer walking | ATN Shot Trak HD Hunting Gun Camera', '', 'ready', 0, 'https://youtu.be/cHHOJA50huE', 'cHHOJA50huE', NULL, NULL),
(34, 'Pigs hunting with bow | ATN Shot Trak HD Hunting Gun Camera', '', 'ready', 0, 'https://youtu.be/DfH0Sjwmnoo', 'DfH0Sjwmnoo', NULL, NULL),
(35, 'Duck hunting (ring neck) | ATN Shot Trak HD Hunting Gun Camera', '', 'ready', 0, 'https://youtu.be/n8IhRRWlOeY', 'n8IhRRWlOeY', NULL, NULL),
(36, 'Red Head kill | Duck hunting | ATN Shot Trak HD Hunting Gun Camera', '', 'ready', 0, 'https://youtu.be/0ZDNHD9ynGc', '0ZDNHD9ynGc', NULL, NULL),
(37, 'Partridge Hunting | ATN Shot Trak HD Hunting Gun Camera', '', 'ready', 0, 'https://youtu.be/qnbSvkg30qQ', 'qnbSvkg30qQ', NULL, NULL),
(38, 'Bird Hunting | ATN Shot Trak HD Hunting Gun Camera', '', 'ready', 0, 'https://youtu.be/Fe28k0a55kg', 'Fe28k0a55kg', NULL, NULL),
(39, 'Turkeys | ATN Shot Trak HD Hunting Gun Camera', '', 'ready', 0, 'https://youtu.be/2c3RDuYmZFI', '2c3RDuYmZFI', NULL, NULL),
(40, 'Duck hunting | Triple shot | ATN Shot Trak HD Hunting Gun Camera', '', 'ready', 0, 'https://youtu.be/hQ5eF9Pr6MY', 'hQ5eF9Pr6MY', NULL, NULL),
(41, 'Deer observation at 200 yards | ATN Shot Trak HD Hunting Gun Camera', '', 'ready', 0, 'https://youtu.be/kqvWpF0NHpo', 'kqvWpF0NHpo', NULL, NULL),
(42, 'Grouse hunting | ATN Shot Trak HD Hunting Gun Camera', '', 'ready', 0, 'https://youtu.be/6Yl3BKbHZbc', '6Yl3BKbHZbc', NULL, NULL),
(43, 'Doe grazing | ATN X-Sight Smart rifle scope with Full HD camera', '', 'ready', 0, 'https://youtu.be/swjsNTRjyF0', 'swjsNTRjyF0', NULL, NULL),
(44, 'Coyote Hunting | ATN Thermal Rifle Scope', '', 'ready', 0, 'https://youtu.be/9LlEOxfQv6I', '9LlEOxfQv6I', NULL, NULL),
(45, 'Cat In Field | ATN Thermal Rifle Scope', '', 'ready', 0, 'https://youtu.be/Kw_p7XcPTGE', 'Kw_p7XcPTGE', NULL, NULL),
(46, 'Huge Elk Herd | ATN Thermal Rifle Scope', '', 'ready', 0, 'https://youtu.be/f__t6GYXywc', 'f__t6GYXywc', NULL, NULL),
(47, 'Giant Deer | ATN Thermal Rifle Scope', '', 'ready', 0, 'https://youtu.be/SJ-D1ukHwnE', 'SJ-D1ukHwnE', NULL, NULL),
(48, 'Big Alpha Dog | ATN Thermal Rifle Scope', '', 'ready', 0, 'https://youtu.be/2BzQlpPqkPA', '2BzQlpPqkPA', NULL, NULL),
(49, 'Hog hunting, pig\'s head shot | ATN Thermal Rifle Scope', '', 'ready', 0, 'https://youtu.be/AQMgp0H9Jhw', 'AQMgp0H9Jhw', NULL, NULL),
(50, 'Sleeping pigs | Hog hunting | ATN Thermal Rifle Scope', '', 'ready', 0, 'https://youtu.be/LXByhBocEfM', 'LXByhBocEfM', NULL, NULL),
(51, 'Possum | ATN Thermal Rifle Scope', '', 'ready', 0, 'https://youtu.be/DRC1xsrSBag', 'DRC1xsrSBag', NULL, NULL),
(52, '4 pigs down - Hog Hunting | ATN Thermal Rifle Scope', '', 'ready', 0, 'https://youtu.be/xpqZtPPWOjg', 'xpqZtPPWOjg', NULL, NULL),
(53, 'Coyote hunting with bow | ATN Thermal Rifle Scope', '', 'ready', 0, 'https://youtu.be/7Tdok7AWbVw', '7Tdok7AWbVw', NULL, NULL),
(54, 'Hog hunting - 3 Boar Kills | ATN Thermal Rifle Scope', '', 'ready', 0, 'https://youtu.be/1V3b3zlQruQ', '1V3b3zlQruQ', NULL, NULL),
(55, 'Pig Hunting | ATN Thermal Rifle Scope', '', 'ready', 0, 'https://youtu.be/gUfHBXhZYmA', 'gUfHBXhZYmA', NULL, NULL),
(56, 'Hog hunting | ATN Thermal Rifle Scope', '', 'ready', 0, 'https://youtu.be/oV5RkwD72rI', 'oV5RkwD72rI', NULL, NULL);


INSERT INTO `oc_videos_groups` (`id`, `name`, `description`) VALUES
(1, 'Bino-X', ''),
(2, 'X-Sight', ''),
(3, 'Thermal', ''),
(4, 'Shot Trak', '');

INSERT INTO `oc_videos_groups_assoc` (`videoId`, `groupId`) VALUES
(1, 1),
(2, 1),
(3, 1),
(4, 1),
(5, 1),
(6, 1),
(7, 1),
(8, 1),
(9, 1),
(10, 1),
(11, 2),
(12, 2),
(13, 2),
(14, 2),
(15, 2),
(16, 2),
(17, 2),
(18, 2),
(19, 2),
(20, 2),
(21, 2),
(22, 2),
(23, 2),
(24, 2),
(25, 2),
(26, 2),
(27, 2),
(28, 2),
(29, 2),
(44, 3),
(45, 3),
(46, 3),
(47, 3),
(48, 3),
(49, 3),
(50, 3),
(51, 3),
(52, 3),
(53, 3),
(54, 3),
(55, 3),
(56, 3),
(30, 4),
(31, 4),
(32, 4),
(33, 4),
(34, 4),
(35, 4),
(36, 4),
(37, 4),
(38, 4),
(39, 4),
(40, 4),
(41, 4),
(42, 4),
(43, 4);


